{"GOOGL": 1992647503747.76, "META": 1506760890508.23, "APP": 102138689822.4, "APPS": 317120563.18, "CRTO": 1496475031.04, "DV": 2182409931.43, "MGNI": 1715904397.44, "PUBM": 472717741.26, "TTD": 27282094818.0, "CSCO": 235992307066.24, "SNOW": 56085367000.0, "ABNB": 77083700971.95, "BKNG": 168920799398.56, "NFLX": 482623349919.95996, "PINS": 18593678330.52, "SNAP": 14288572746.45, "SPOT": 130754170737.45, "TRIP": 1503312483.92, "YELP": 2255762840.13, "CHKP": 23858414023.68, "CRWD": 110456877822.90001, "CYBR": 18034130521.19, "FTNT": 83193114602.64, "NET": 43201517887.840004, "OKTA": 20257502784.329998, "PANW": 124560873000.0, "S": 6233817349.44, "ZS": 36047807667.96, "DDOG": 36503836516.700005, "ESTC": 8693411143.42, "GTLB": 7508190142.32, "MDB": 14042218192.480001, "TEAM": 54543462811.86, "ADSK": 59919445917.45, "AMZN": 1978357271044.45, "CRM": 261581279934.36, "IBM": 231587038558.5, "MSFT": 3241852657597.0503, "NOW": 202435810950.0, "ORCL": 418644093860.0, "SAP": 353044968582.43, "WDAY": 66426545193.42, "ADYEY": null, "AFRM": 16804231864.310001, "COIN": 50788169821.6, "FIS": 41148940550.96, "FISV": null, "GPN": 19327491743.5, "PYPL": 66657400099.66, "XYZ": 28684486160.0, "AAPL": 2970586433140.0, "DELL": 65848259869.56, "HPQ": 24416008451.1, "LOGI": 11591127450.0, "PSTG": 15565462845.66, "SMCI": 19198711330.620003, "SSYS": 806798256.0, "STX": 19859310187.54, "WDC": 15709992775.95, "ACN": 192634406610.75, "CTSH": 38405108337.33, "DXC": 2875051148.6800003, "INFY": 73974671647.8, "PLTR": 292086357376.69, "WIT": 30338055861.7, "ADBE": 162407772000.0, "BILL": 4606980185.05, "HUBS": 33655641268.399998, "INTU": 176733505160.0, "AMAT": 125611479663.89001, "AMD": 163097047975.05002, "ARM": 128535300000.0, "AVGO": 943775146476.24, "INTC": 88417740000.0, "NVDA": 2777208000000.0, "QCOM": 153105120000.0, "TSM": 914906820240.0, "CCCS": 6056763201.24, "CPRT": 58979974963.799995, "CSGP": 32527460946.3, "GWRE": 17647662997.68, "ICE": 99799498628.57999, "PCOR": 9643790525.550001, "SSNC": 19264333283.8, "TTAN": 10673828224.0, "BABA": 301936971424.47, "CHWY": 15639661325.060001, "EBAY": 32401912883.210003, "ETSY": 4701044100.48, "PDD": 157367810312.69998}