{
  "GOOGL": 0.571380314185308,
  "META": 0.41993348605386976,
  "TTD": 0.007582457724651306,
  "MGNI": 0.0004907250914612058,
  "APPS": 9.188465677200592e-05,
  "CRTO": 0.0005211322879376747
}