{
  "GOOGL": 0.5693889564764755,
  "META": 0.42195874205203077,
  "TTD": 0.007603062963495974,
  "MGNI": 0.0004906783545317901,
  "APPS": 9.34797072970428e-05,
  "CRTO": 0.00046508044616892097
}