{
  "NVDA": 0.24596265540154943,
  "AMD": 0.014136504234091359,
  "GOOGL": 0.17409942779957088,
  "MSFT": 0.2808872514558662,
  "AMZN": 0.17583900647147746,
  "IBM": 0.0198207504590085,
  "TSM": 0.08140238903507939,
  "MU": 0.007852015143356794
}