{
  "NVDA": 0.2424677287423817,
  "AMD": 0.013980327104180349,
  "GOOGL": 0.17499596564377615,
  "MSFT": 0.28151123815010654,
  "AMZN": 0.17971533786709515,
  "IBM": 0.019831603473106432,
  "TSM": 0.07975945849847815,
  "MU": 0.007738340520875522
}