{
  "MSFT": 0.41746834959494544,
  "AMZN": 0.26650966401657245,
  "GOOGL": 0.2595110498719298,
  "CRM": 0.03411982097184896,
  "NET": 0.0056101969463869476,
  "DDOG": 0.0048477829151128355,
  "SNOW": 0.007294503798810182,
  "ZS": 0.004638631884393395
}