{
  "MSFT": 0.4199693210854583,
  "AMZN": 0.2627393807633096,
  "GOOGL": 0.2603068275945448,
  "CRM": 0.034434248701219784,
  "NET": 0.005680563379556112,
  "DDOG": 0.004859757173743609,
  "SNOW": 0.007326399719389439,
  "ZS": 0.004683501582778321
}