{
  "GOOGL": 0.45788368349110903,
  "META": 0.3365196291191236,
  "NFLX": 0.11237512755013468,
  "UBER": 0.03940859860098379,
  "ABNB": 0.017950402669580135,
  "SNAP": 0.00307668209697185,
  "PINS": 0.004015558991325741,
  "SPOT": 0.028770317480771183
}