{
  "GOOGL": 0.4567484705072256,
  "META": 0.3377744048430062,
  "NFLX": 0.11153274938046455,
  "UBER": 0.03994249417790897,
  "ABNB": 0.017238584961005624,
  "SNAP": 0.003094372299394921,
  "PINS": 0.004055233029167597,
  "SPOT": 0.029613690801826582
}