{
  "PANW": 0.3173661511877862,
  "CRWD": 0.275477692337189,
  "FTNT": 0.20621259066867853,
  "ZS": 0.09040557089137917,
  "OKTA": 0.0499719353268337,
  "S": 0.01575318189793376,
  "CYBR": 0.044812877690199614
}