{
  "PANW": 0.3180789417483704,
  "CRWD": 0.2751142419873446,
  "FTNT": 0.20581998179946537,
  "ZS": 0.09084654604006279,
  "OKTA": 0.04939635681384813,
  "S": 0.01565868071839592,
  "CYBR": 0.0450852508925128
}