{
  "AMZN": 0.8434190027228607,
  "SHOP": 0.05269496376129705,
  "MELI": 0.04860677111938154,
  "CPNG": 0.01780327276632454,
  "SE": 0.033967043102368505,
  "W": 0.001656610888568559,
  "ETSY": 0.001852335639199114
}