{
  "AMZN": 0.8405081524095847,
  "SHOP": 0.053535079892589835,
  "MELI": 0.04931075268651869,
  "CPNG": 0.01813231454482431,
  "SE": 0.034862011547011296,
  "W": 0.001725975598722289,
  "ETSY": 0.001925713320748934
}