{
  "CRM": 0.06798365352115039,
  "MSFT": 0.8287288178170497,
  "WDAY": 0.017332737734220022,
  "NOW": 0.052334145444174876,
  "ZM": 0.006167581056642931,
  "TEAM": 0.01394675260055723,
  "DOCU": 0.004265436335854681,
  "ZS": 0.009240875490350199
}