{
  "CRM": 0.0676557875119418,
  "MSFT": 0.8277930290566268,
  "WDAY": 0.017269998148814032,
  "NOW": 0.05191061760836375,
  "ZM": 0.006173314414726895,
  "TEAM": 0.01571290747896372,
  "DOCU": 0.004286457744293249,
  "ZS": 0.009197888036269824
}