{
  "PYPL": 0.2865673013838895,
  "ADYEY": 0.22634742683456113,
  "COIN": 0.2295544913767759,
  "AFRM": 0.07303202457285767,
  "FIS": 0.18449875583191588
}