{
  "PYPL": 0.2856363056879015,
  "ADYEY": 0.2292337082232615,
  "COIN": 0.23014932686355505,
  "AFRM": 0.07150551855689902,
  "FIS": 0.18347514066838294
}