{
  "EA": 0.264212469531841,
  "TTWO": 0.2900001623453507,
  "RBLX": 0.32697648960563214,
  "U": 0.061517714321482876,
  "CRSR": 0.005190178089648069,
  "MTCH": 0.05210298610604524
}