{
  "EA": 0.27567645423426296,
  "TTWO": 0.2665617329362873,
  "RBLX": 0.3381937806678885,
  "U": 0.061888776641597636,
  "CRSR": 0.005291881491271723,
  "MTCH": 0.052387374028691855
}