{
  "AAPL": 0.9695905161668346,
  "DELL": 0.019414863250790754,
  "HPQ": 0.007242085941567404,
  "LOGI": 0.0034145642079029125,
  "SONO": 0.000337970432904397
}