{
  "AAPL": 0.9673579973921858,
  "DELL": 0.020882765353595734,
  "HPQ": 0.007730354393526035,
  "LOGI": 0.003672867481530217,
  "SONO": 0.00035601537916229634
}