{
  "IBM": 0.23580328268314044,
  "ACN": 0.19917425916843598,
  "CTSH": 0.03925906378326704,
  "ORCL": 0.4319165056777212,
  "XRX": 0.0005778792140939143,
  "HPQ": 0.02533906552533927,
  "DELL": 0.06792994394800217
}