{
  "IBM": 0.2336941251105937,
  "ACN": 0.19741428510067557,
  "CTSH": 0.03907575147143637,
  "ORCL": 0.4355405647588429,
  "XRX": 0.000583157907728017,
  "HPQ": 0.02530907103270208,
  "DELL": 0.06838304461802135
}