{
  "NVDA": 0.5256972831805261,
  "AMD": 0.030205752656319983,
  "INTC": 0.016675187459985353,
  "TSM": 0.17408769459470516,
  "AVGO": 0.17778757809439297,
  "QCOM": 0.028387678510804197,
  "ARM": 0.023574043419435937,
  "AMAT": 0.02358478208383026
}