{
  "NVDA": 0.5255045386684261,
  "AMD": 0.030299806837889638,
  "INTC": 0.01681762470269498,
  "TSM": 0.17286406591129982,
  "AVGO": 0.1790418971149162,
  "QCOM": 0.028648026214868675,
  "ARM": 0.023470912511710157,
  "AMAT": 0.023353128038194455
}