{
  "HUBS": 0.34916567656516545,
  "VEEV": 0.4013494959384539,
  "PCTY": 0.11534504327471072,
  "ASAN": 0.04016646862414296,
  "FRSH": 0.04540843336847238,
  "PD": 0.015055725021585859,
  "ZI": 0.03350915720746872
}