{
  "HUBS": 0.34738141877483336,
  "VEEV": 0.4052717696912867,
  "PCTY": 0.11311350942660872,
  "ASAN": 0.040014626898803855,
  "FRSH": 0.04520505162396639,
  "PD": 0.015030553631864617,
  "ZI": 0.03398306995263635
}