{
  "2025-05-09": {
    "SMB SaaS": 52.0,
    "Enterprise SaaS": 52.0,
    "Cloud Infrastructure": 53.0,
    "AdTech": 53.5,
    "Fintech": 52.0,
    "Consumer Internet": 51.5,
    "eCommerce": 53.5,
    "Cybersecurity": 49.0,
    "Dev Tools / Analytics": 49.5,
    "Semiconductors": 57.49999999999999,
    "AI Infrastructure": 53.0,
    "Vertical SaaS": 48.0,
    "IT Services / Legacy Tech": 57.49999999999999,
    "Hardware / Devices": 57.49999999999999
  }
}